{
  "project_info": {
    "project_id": "cabbooking-dtms",
    "project_number": "251005632372",
    "name": "cabbooking-dtms"
  },
  "client": [
    {
      "client_info": {
        "mobilesdk_app_id": "1:251005632372:android:813a0b016104ba63",
        "client_id": "android:com.cabbooking.dtbs.mobile.android",
        "client_type": 1,
        "android_client_info": {
          "package_name": "com.cabbooking.dtbs.mobile.android"
        }
      },
      "oauth_client": [],
      "api_key": [],
      "services": {
        "analytics_service": {
          "status": 1
        },
        "cloud_messaging_service": {
          "status": 2,
          "apns_config": []
        },
        "appinvite_service": {
          "status": 1,
          "other_platform_oauth_client": []
        },
        "google_signin_service": {
          "status": 1
        },
        "ads_service": {
          "status": 1
        }
      }
    },
    {
      "client_info": {
        "mobilesdk_app_id": "1:251005632372:android:3726d7ab968873e3",
        "client_id": "android:com.cabbooking.dtbs.mobile.android.dtbsandroidclient.dtbsandroidclient",
        "client_type": 1,
        "android_client_info": {
          "package_name": "com.cabbooking.dtbs.mobile.android.dtbsandroidclient.dtbsandroidclient"
        }
      },
      "oauth_client": [],
      "api_key": [],
      "services": {
        "analytics_service": {
          "status": 1
        },
        "cloud_messaging_service": {
          "status": 2,
          "apns_config": []
        },
        "appinvite_service": {
          "status": 1,
          "other_platform_oauth_client": []
        },
        "google_signin_service": {
          "status": 1
        },
        "ads_service": {
          "status": 1
        }
      }
    }
  ],
  "client_info": [],
  "ARTIFACT_VERSION": "1"
}